,name_i,name_j,spearman,n_words
0,CBOW_GoogleNews,fastText_CommonCrawl,0.6338757027745887,42689
1,CBOW_GoogleNews,fastText_Wiki_News,0.5388951353912447,42261
2,CBOW_GoogleNews,fastTextSub_OpenSub,0.4610197459001102,40065
3,CBOW_GoogleNews,GloVe_CommonCrawl,0.5013411341974539,42667
4,CBOW_GoogleNews,GloVe_Twitter,0.2211797551363296,32663
5,CBOW_GoogleNews,GloVe_Wikipedia,0.4554642020466949,39066
6,CBOW_GoogleNews,LexVec_CommonCrawl,0.4950140383214004,41679
7,CBOW_GoogleNews,morphoNLM,0.2605838927963468,32451
8,CBOW_GoogleNews,spherical_text_Wikipedia,0.444310137717969,35208
9,CBOW_GoogleNews,PPMI_SVD_SWOW,0.2837968458656615,11723
10,CBOW_GoogleNews,SGSoftMaxInput_SWOW,0.2582354655223879,11723
11,CBOW_GoogleNews,SGSoftMaxOutput_SWOW,0.014159990341462,25290
12,CBOW_GoogleNews,PPMI_SVD_SouthFlorida,0.1170812716754765,4954
13,CBOW_GoogleNews,PPMI_SVD_EAT,0.1886660502688275,7666
14,CBOW_GoogleNews,THINGS,0.3641536732632003,1541
15,CBOW_GoogleNews,feature_overlap,0.4040742848997383,4379
16,CBOW_GoogleNews,norms_sensorimotor,0.0749601758052594,33796
17,CBOW_GoogleNews,compo_attribs,0.2994205454615456,531
18,CBOW_GoogleNews,SVD_sim_rel,0.0168185299828589,5916
19,CBOW_GoogleNews,microarray,0.1024663412679143,624
20,CBOW_GoogleNews,EEG_speech,0.0550296299600613,1575
21,CBOW_GoogleNews,EEG_text,0.026408092600565,3320
22,CBOW_GoogleNews,fMRI_speech_cognival,0.0053982517110267,573
23,CBOW_GoogleNews,fMRI_text_cognival,0.0237299550505562,1191
24,CBOW_GoogleNews,fMRI_text_denoise,0.0006065793564419,1151
25,CBOW_GoogleNews,eye_tracking,0.0515377379679173,7342
26,fastText_CommonCrawl,fastText_Wiki_News,0.6379093563786589,43082
27,fastText_CommonCrawl,fastTextSub_OpenSub,0.5045606839961475,40535
28,fastText_CommonCrawl,GloVe_CommonCrawl,0.6167519796969484,44098
29,fastText_CommonCrawl,GloVe_Twitter,0.2833219674914853,32937
30,fastText_CommonCrawl,GloVe_Wikipedia,0.452836170155573,39402
31,fastText_CommonCrawl,LexVec_CommonCrawl,0.5761021239132936,43283
32,fastText_CommonCrawl,morphoNLM,0.2736755490632052,32748
33,fastText_CommonCrawl,spherical_text_Wikipedia,0.4474998873985028,35526
34,fastText_CommonCrawl,PPMI_SVD_SWOW,0.3393044024778592,11766
35,fastText_CommonCrawl,SGSoftMaxInput_SWOW,0.3000771358362797,11766
36,fastText_CommonCrawl,SGSoftMaxOutput_SWOW,0.0327515660718244,25362
37,fastText_CommonCrawl,PPMI_SVD_SouthFlorida,0.1396491205527409,4958
38,fastText_CommonCrawl,PPMI_SVD_EAT,0.2281658642926469,7762
39,fastText_CommonCrawl,THINGS,0.3164379212698406,1545
40,fastText_CommonCrawl,feature_overlap,0.4515111950499468,4383
41,fastText_CommonCrawl,norms_sensorimotor,0.1058848745169055,35211
42,fastText_CommonCrawl,compo_attribs,0.3273204721840023,532
43,fastText_CommonCrawl,SVD_sim_rel,0.0182478732357141,5983
44,fastText_CommonCrawl,microarray,0.0727072985497549,625
45,fastText_CommonCrawl,EEG_speech,0.0570260290286369,1588
46,fastText_CommonCrawl,EEG_text,0.0407572105247615,3326
47,fastText_CommonCrawl,fMRI_speech_cognival,0.0091036275530284,576
48,fastText_CommonCrawl,fMRI_text_cognival,0.0271927029264443,1177
49,fastText_CommonCrawl,fMRI_text_denoise,0.005842969419942,1139
50,fastText_CommonCrawl,eye_tracking,0.0646002446038076,7388
51,fastText_Wiki_News,fastTextSub_OpenSub,0.3971174877751691,40207
52,fastText_Wiki_News,GloVe_CommonCrawl,0.5158653157839517,43064
53,fastText_Wiki_News,GloVe_Twitter,0.2857189730163095,32867
54,fastText_Wiki_News,GloVe_Wikipedia,0.3379325973487382,39344
55,fastText_Wiki_News,LexVec_CommonCrawl,0.3934861164026782,42012
56,fastText_Wiki_News,morphoNLM,0.2632335927961577,32721
57,fastText_Wiki_News,spherical_text_Wikipedia,0.5168363000894346,35496
58,fastText_Wiki_News,PPMI_SVD_SWOW,0.29942836392841,11762
59,fastText_Wiki_News,SGSoftMaxInput_SWOW,0.2416827335266544,11762
60,fastText_Wiki_News,SGSoftMaxOutput_SWOW,-0.2029604546590213,25336
61,fastText_Wiki_News,PPMI_SVD_SouthFlorida,0.1189408019059898,4958
62,fastText_Wiki_News,PPMI_SVD_EAT,0.2055317660564885,7756
63,fastText_Wiki_News,THINGS,0.2685084089360995,1541
64,fastText_Wiki_News,feature_overlap,0.3987422613078261,4383
65,fastText_Wiki_News,norms_sensorimotor,0.0903620736996236,33944
66,fastText_Wiki_News,compo_attribs,0.280247228147682,532
67,fastText_Wiki_News,SVD_sim_rel,0.0179192831924203,5977
68,fastText_Wiki_News,microarray,0.1217824733916722,625
69,fastText_Wiki_News,EEG_speech,0.0836545158189518,1585
70,fastText_Wiki_News,EEG_text,0.0502665373117422,3310
71,fastText_Wiki_News,fMRI_speech_cognival,0.0021329510959349,575
72,fastText_Wiki_News,fMRI_text_cognival,0.0252592017822517,1164
73,fastText_Wiki_News,fMRI_text_denoise,0.0050006539324583,1122
74,fastText_Wiki_News,eye_tracking,0.1059806168077756,7366
75,fastTextSub_OpenSub,GloVe_CommonCrawl,0.4200610052187069,40529
76,fastTextSub_OpenSub,GloVe_Twitter,0.2498841430971246,32684
77,fastTextSub_OpenSub,GloVe_Wikipedia,0.3489244185296446,38027
78,fastTextSub_OpenSub,LexVec_CommonCrawl,0.4291071358571416,39527
79,fastTextSub_OpenSub,morphoNLM,0.2921648113231802,32126
80,fastTextSub_OpenSub,spherical_text_Wikipedia,0.3839115531125465,34800
81,fastTextSub_OpenSub,PPMI_SVD_SWOW,0.3148392171320495,11732
82,fastTextSub_OpenSub,SGSoftMaxInput_SWOW,0.2845059497987502,11732
83,fastTextSub_OpenSub,SGSoftMaxOutput_SWOW,0.0326055809681868,25233
84,fastTextSub_OpenSub,PPMI_SVD_SouthFlorida,0.130966954608489,4939
85,fastTextSub_OpenSub,PPMI_SVD_EAT,0.20841584552821,7720
86,fastTextSub_OpenSub,THINGS,0.3895062486874034,1541
87,fastTextSub_OpenSub,feature_overlap,0.4245742193310897,4366
88,fastTextSub_OpenSub,norms_sensorimotor,0.1481989752966427,31604
89,fastTextSub_OpenSub,compo_attribs,0.3498036025861559,531
90,fastTextSub_OpenSub,SVD_sim_rel,0.0153366310130071,5816
91,fastTextSub_OpenSub,microarray,0.0615899897096359,613
92,fastTextSub_OpenSub,EEG_speech,0.0529056515194673,1560
93,fastTextSub_OpenSub,EEG_text,0.0332019575312529,3278
94,fastTextSub_OpenSub,fMRI_speech_cognival,0.0079417730273776,553
95,fastTextSub_OpenSub,fMRI_text_cognival,0.0231425459334697,1140
96,fastTextSub_OpenSub,fMRI_text_denoise,0.011792592744463,1097
97,fastTextSub_OpenSub,eye_tracking,0.0382284827069833,7300
98,GloVe_CommonCrawl,GloVe_Twitter,0.4563511317377358,32932
99,GloVe_CommonCrawl,GloVe_Wikipedia,0.6000412884802133,39398
100,GloVe_CommonCrawl,LexVec_CommonCrawl,0.6673383370232172,43140
101,GloVe_CommonCrawl,morphoNLM,0.3696926302809817,32742
102,GloVe_CommonCrawl,spherical_text_Wikipedia,0.5071797969511161,35518
103,GloVe_CommonCrawl,PPMI_SVD_SWOW,0.3478704279055118,11756
104,GloVe_CommonCrawl,SGSoftMaxInput_SWOW,0.2825899509421735,11756
105,GloVe_CommonCrawl,SGSoftMaxOutput_SWOW,-0.0894890607484803,25353
106,GloVe_CommonCrawl,PPMI_SVD_SouthFlorida,0.13469750219383,4955
107,GloVe_CommonCrawl,PPMI_SVD_EAT,0.2213589358324796,7754
108,GloVe_CommonCrawl,THINGS,0.3719872393004262,1546
109,GloVe_CommonCrawl,feature_overlap,0.4068862650145715,4382
110,GloVe_CommonCrawl,norms_sensorimotor,0.1173234056384674,35053
111,GloVe_CommonCrawl,compo_attribs,0.3777594356811762,532
112,GloVe_CommonCrawl,SVD_sim_rel,0.0162794404751757,5982
113,GloVe_CommonCrawl,microarray,0.1771998495273448,622
114,GloVe_CommonCrawl,EEG_speech,0.1019813206429278,1581
115,GloVe_CommonCrawl,EEG_text,0.064197564658845,3313
116,GloVe_CommonCrawl,fMRI_speech_cognival,0.0024222394706002,570
117,GloVe_CommonCrawl,fMRI_text_cognival,0.0255934150066844,1164
118,GloVe_CommonCrawl,fMRI_text_denoise,-0.0042871739213437,1125
119,GloVe_CommonCrawl,eye_tracking,0.1441231750088909,7371
120,GloVe_Twitter,GloVe_Wikipedia,0.3661713473103402,32648
121,GloVe_Twitter,LexVec_CommonCrawl,0.3405424091302334,32891
122,GloVe_Twitter,morphoNLM,0.2230454306975242,29423
123,GloVe_Twitter,spherical_text_Wikipedia,0.2623345673143871,31311
124,GloVe_Twitter,PPMI_SVD_SWOW,0.2537596998803107,11486
125,GloVe_Twitter,SGSoftMaxInput_SWOW,0.1903085993330548,11486
126,GloVe_Twitter,SGSoftMaxOutput_SWOW,-0.0059990767311746,23530
127,GloVe_Twitter,PPMI_SVD_SouthFlorida,0.1009406657696323,4957
128,GloVe_Twitter,PPMI_SVD_EAT,0.1547110322402971,7622
129,GloVe_Twitter,THINGS,0.2482409108736359,1504
130,GloVe_Twitter,feature_overlap,0.2265736767489996,4370
131,GloVe_Twitter,norms_sensorimotor,0.1060484403093385,25791
132,GloVe_Twitter,compo_attribs,0.2629772260926655,532
133,GloVe_Twitter,SVD_sim_rel,0.0147286887702692,5298
134,GloVe_Twitter,microarray,0.2442430926820645,625
135,GloVe_Twitter,EEG_speech,0.1173894025902501,1564
136,GloVe_Twitter,EEG_text,0.0822125998736903,3251
137,GloVe_Twitter,fMRI_speech_cognival,0.0010986770308573,575
138,GloVe_Twitter,fMRI_text_cognival,0.0321871543764904,1152
139,GloVe_Twitter,fMRI_text_denoise,0.003779264042531,1096
140,GloVe_Twitter,eye_tracking,0.1225502140059122,7056
141,GloVe_Wikipedia,LexVec_CommonCrawl,0.4916831943834676,39368
142,GloVe_Wikipedia,morphoNLM,0.3114989032037405,32568
143,GloVe_Wikipedia,spherical_text_Wikipedia,0.3629845687532964,35512
144,GloVe_Wikipedia,PPMI_SVD_SWOW,0.2924384954369592,11505
145,GloVe_Wikipedia,SGSoftMaxInput_SWOW,0.2473169468845317,11505
146,GloVe_Wikipedia,SGSoftMaxOutput_SWOW,0.079690202627903,24162
147,GloVe_Wikipedia,PPMI_SVD_SouthFlorida,0.1161028191237032,4957
148,GloVe_Wikipedia,PPMI_SVD_EAT,0.1901804845133173,7730
149,GloVe_Wikipedia,THINGS,0.2876527835648862,1530
150,GloVe_Wikipedia,feature_overlap,0.3568827976468795,4377
151,GloVe_Wikipedia,norms_sensorimotor,0.0359374858783305,31452
152,GloVe_Wikipedia,compo_attribs,0.3361246767892626,532
153,GloVe_Wikipedia,SVD_sim_rel,0.0143695740547377,5833
154,GloVe_Wikipedia,microarray,0.197751636588166,625
155,GloVe_Wikipedia,EEG_speech,0.1021643955261256,1585
156,GloVe_Wikipedia,EEG_text,0.0862296957739996,3306
157,GloVe_Wikipedia,fMRI_speech_cognival,0.0032980738475652,576
158,GloVe_Wikipedia,fMRI_text_cognival,0.0312540026112298,1164
159,GloVe_Wikipedia,fMRI_text_denoise,0.0057529542511164,1108
160,GloVe_Wikipedia,eye_tracking,0.1131388086514935,7327
161,LexVec_CommonCrawl,morphoNLM,0.3080172775102004,32741
162,LexVec_CommonCrawl,spherical_text_Wikipedia,0.3742602226456678,35482
163,LexVec_CommonCrawl,PPMI_SVD_SWOW,0.3199390995123969,11512
164,LexVec_CommonCrawl,SGSoftMaxInput_SWOW,0.2802282832222398,11512
165,LexVec_CommonCrawl,SGSoftMaxOutput_SWOW,0.1111535087314739,24233
166,LexVec_CommonCrawl,PPMI_SVD_SouthFlorida,0.1364064331771988,4956
167,LexVec_CommonCrawl,PPMI_SVD_EAT,0.2163618451326641,7757
168,LexVec_CommonCrawl,THINGS,0.3999992476423873,1544
169,LexVec_CommonCrawl,feature_overlap,0.4279205784262572,4382
170,LexVec_CommonCrawl,norms_sensorimotor,0.1502267547401887,35976
171,LexVec_CommonCrawl,compo_attribs,0.3705473712283887,532
172,LexVec_CommonCrawl,SVD_sim_rel,0.0145675867598014,5953
173,LexVec_CommonCrawl,microarray,0.108268484554698,625
174,LexVec_CommonCrawl,EEG_speech,0.0642373393328808,1587
175,LexVec_CommonCrawl,EEG_text,0.0507325359139898,3311
176,LexVec_CommonCrawl,fMRI_speech_cognival,0.0043807207550681,575
177,LexVec_CommonCrawl,fMRI_text_cognival,0.0268961678626205,1164
178,LexVec_CommonCrawl,fMRI_text_denoise,-0.0058453406723072,1109
179,LexVec_CommonCrawl,eye_tracking,0.0902233333748311,7370
180,morphoNLM,spherical_text_Wikipedia,0.3259146595103912,31910
181,morphoNLM,PPMI_SVD_SWOW,0.2292252406908292,11224
182,morphoNLM,SGSoftMaxInput_SWOW,0.1969542434915611,11224
183,morphoNLM,SGSoftMaxOutput_SWOW,-0.0097706829146743,22392
184,morphoNLM,PPMI_SVD_SouthFlorida,0.0880025493452877,4902
185,morphoNLM,PPMI_SVD_EAT,0.1450817959884471,7519
186,morphoNLM,THINGS,0.2721800562132805,1385
187,morphoNLM,feature_overlap,0.2625966135044914,4309
188,morphoNLM,norms_sensorimotor,0.1121969318963503,25628
189,morphoNLM,compo_attribs,0.3243532995712108,527
190,morphoNLM,SVD_sim_rel,0.0146114303187832,5926
191,morphoNLM,microarray,-0.0165574462135026,618
192,morphoNLM,EEG_speech,-0.0223202379745579,1565
193,morphoNLM,EEG_text,-0.010426435759586,3240
194,morphoNLM,fMRI_speech_cognival,0.0097231869604119,571
195,morphoNLM,fMRI_text_cognival,0.0024349568197425,1120
196,morphoNLM,fMRI_text_denoise,-0.0060604333219539,1069
197,morphoNLM,eye_tracking,0.0432379512773744,7067
198,spherical_text_Wikipedia,PPMI_SVD_SWOW,0.3299059731956433,11445
199,spherical_text_Wikipedia,SGSoftMaxInput_SWOW,0.275526726658935,11445
200,spherical_text_Wikipedia,SGSoftMaxOutput_SWOW,-0.1994400660343037,23519
201,spherical_text_Wikipedia,PPMI_SVD_SouthFlorida,0.1256037414060794,4941
202,spherical_text_Wikipedia,PPMI_SVD_EAT,0.2138313314418118,7670
203,spherical_text_Wikipedia,THINGS,0.3817799527595047,1460
204,spherical_text_Wikipedia,feature_overlap,0.3771744686756321,4355
205,spherical_text_Wikipedia,norms_sensorimotor,0.1163132786766594,28008
206,spherical_text_Wikipedia,compo_attribs,0.3414489938119938,531
207,spherical_text_Wikipedia,SVD_sim_rel,0.0173156567248169,5603
208,spherical_text_Wikipedia,microarray,0.1348692327692812,622
209,spherical_text_Wikipedia,EEG_speech,0.0929713835920677,1580
210,spherical_text_Wikipedia,EEG_text,0.0902723229597417,3282
211,spherical_text_Wikipedia,fMRI_speech_cognival,0.0079643931491993,573
212,spherical_text_Wikipedia,fMRI_text_cognival,0.0280884436110791,1137
213,spherical_text_Wikipedia,fMRI_text_denoise,0.0104526305425969,1084
214,spherical_text_Wikipedia,eye_tracking,0.0771908579615833,7193
215,PPMI_SVD_SWOW,SGSoftMaxInput_SWOW,0.5063412530061938,11783
216,PPMI_SVD_SWOW,SGSoftMaxOutput_SWOW,-0.0870383845499452,11689
217,PPMI_SVD_SWOW,PPMI_SVD_SouthFlorida,0.237412753921139,4894
218,PPMI_SVD_SWOW,PPMI_SVD_EAT,0.3585594821055338,5748
219,PPMI_SVD_SWOW,THINGS,0.4181682548199942,1175
220,PPMI_SVD_SWOW,feature_overlap,0.6058021154487632,4191
221,PPMI_SVD_SWOW,norms_sensorimotor,0.1636077883747604,10747
222,PPMI_SVD_SWOW,compo_attribs,0.3368178533079305,476
223,PPMI_SVD_SWOW,SVD_sim_rel,0.0264359276706269,4044
224,PPMI_SVD_SWOW,microarray,0.068452064452971,490
225,PPMI_SVD_SWOW,EEG_speech,0.0464172618230911,1140
226,PPMI_SVD_SWOW,EEG_text,0.0251071332248211,2092
227,PPMI_SVD_SWOW,fMRI_speech_cognival,0.0116112674906892,488
228,PPMI_SVD_SWOW,fMRI_text_cognival,0.0386740200263191,845
229,PPMI_SVD_SWOW,fMRI_text_denoise,0.0105385902117215,820
230,PPMI_SVD_SWOW,eye_tracking,0.0433285402982396,4041
231,SGSoftMaxInput_SWOW,SGSoftMaxOutput_SWOW,-0.0016259021794726,11689
232,SGSoftMaxInput_SWOW,PPMI_SVD_SouthFlorida,0.17005942412469,4894
233,SGSoftMaxInput_SWOW,PPMI_SVD_EAT,0.2536306756376807,5748
234,SGSoftMaxInput_SWOW,THINGS,0.3521079627757907,1175
235,SGSoftMaxInput_SWOW,feature_overlap,0.506695359607005,4191
236,SGSoftMaxInput_SWOW,norms_sensorimotor,0.1299273498262646,10747
237,SGSoftMaxInput_SWOW,compo_attribs,0.2750095040628307,476
238,SGSoftMaxInput_SWOW,SVD_sim_rel,0.0220017591658616,4044
239,SGSoftMaxInput_SWOW,microarray,0.0459983553438781,490
240,SGSoftMaxInput_SWOW,EEG_speech,0.0562502964396788,1140
241,SGSoftMaxInput_SWOW,EEG_text,0.0319329959440397,2092
242,SGSoftMaxInput_SWOW,fMRI_speech_cognival,0.0102984842802928,488
243,SGSoftMaxInput_SWOW,fMRI_text_cognival,0.0325270652683146,845
244,SGSoftMaxInput_SWOW,fMRI_text_denoise,0.0003785799282927,820
245,SGSoftMaxInput_SWOW,eye_tracking,0.0308313423942857,4041
246,SGSoftMaxOutput_SWOW,PPMI_SVD_SouthFlorida,-0.0211827198718406,4883
247,SGSoftMaxOutput_SWOW,PPMI_SVD_EAT,-0.0684212590624828,7076
248,SGSoftMaxOutput_SWOW,THINGS,0.0406133513395027,1386
249,SGSoftMaxOutput_SWOW,feature_overlap,0.1283494577324945,4263
250,SGSoftMaxOutput_SWOW,norms_sensorimotor,0.0225731189943087,18311
251,SGSoftMaxOutput_SWOW,compo_attribs,0.0058163850476409,518
252,SGSoftMaxOutput_SWOW,SVD_sim_rel,-0.0064202765600234,4774
253,SGSoftMaxOutput_SWOW,microarray,-0.0884264509432488,559
254,SGSoftMaxOutput_SWOW,EEG_speech,-0.0912115424443796,1408
255,SGSoftMaxOutput_SWOW,EEG_text,-0.0486678146587727,2745
256,SGSoftMaxOutput_SWOW,fMRI_speech_cognival,0.0025683322560355,555
257,SGSoftMaxOutput_SWOW,fMRI_text_cognival,-0.007192885207999,1045
258,SGSoftMaxOutput_SWOW,fMRI_text_denoise,-0.0189225187714144,1013
259,SGSoftMaxOutput_SWOW,eye_tracking,-0.0554504946830312,5690
260,PPMI_SVD_SouthFlorida,PPMI_SVD_EAT,0.1919941207014401,3536
261,PPMI_SVD_SouthFlorida,THINGS,0.1934198712146649,829
262,PPMI_SVD_SouthFlorida,feature_overlap,0.5250591095209539,3979
263,PPMI_SVD_SouthFlorida,norms_sensorimotor,0.0735627917051441,4768
264,PPMI_SVD_SouthFlorida,compo_attribs,0.1355979609650575,391
265,PPMI_SVD_SouthFlorida,SVD_sim_rel,0.0278172993384723,2960
266,PPMI_SVD_SouthFlorida,microarray,0.0100330296487965,380
267,PPMI_SVD_SouthFlorida,EEG_speech,0.0097727030386951,785
268,PPMI_SVD_SouthFlorida,EEG_text,0.0108471974825134,1284
269,PPMI_SVD_SouthFlorida,fMRI_speech_cognival,0.0072554618848965,336
270,PPMI_SVD_SouthFlorida,fMRI_text_cognival,0.0139336200690888,559
271,PPMI_SVD_SouthFlorida,fMRI_text_denoise,0.0065420780422605,541
272,PPMI_SVD_SouthFlorida,eye_tracking,0.0124069049958393,2359
273,PPMI_SVD_EAT,THINGS,0.2647295155143113,735
274,PPMI_SVD_EAT,feature_overlap,0.4931617080318954,3028
275,PPMI_SVD_EAT,norms_sensorimotor,0.1221661281515355,6309
276,PPMI_SVD_EAT,compo_attribs,0.2453979305711373,403
277,PPMI_SVD_EAT,SVD_sim_rel,0.0226385677268222,2872
278,PPMI_SVD_EAT,microarray,0.0609940651832334,452
279,PPMI_SVD_EAT,EEG_speech,0.0603442975880689,1114
280,PPMI_SVD_EAT,EEG_text,0.0480459517565412,1684
281,PPMI_SVD_EAT,fMRI_speech_cognival,-0.0007387381720957,489
282,PPMI_SVD_EAT,fMRI_text_cognival,0.0391387807771253,802
283,PPMI_SVD_EAT,fMRI_text_denoise,0.0077968845464529,773
284,PPMI_SVD_EAT,eye_tracking,0.0428793290291753,3267
285,THINGS,feature_overlap,0.6041861075518108,792
286,THINGS,norms_sensorimotor,0.3928888011370562,1558
287,THINGS,compo_attribs,0.5107623147916944,160
288,THINGS,SVD_sim_rel,0.1408071979999822,707
289,THINGS,microarray,0.0337656097606182,100
290,THINGS,EEG_speech,-0.0520727014008635,123
291,THINGS,EEG_text,0.0193600131079765,100
292,THINGS,fMRI_speech_cognival,0.0053336917845128,47
293,THINGS,fMRI_text_cognival,0.0280855221112563,76
294,THINGS,fMRI_text_denoise,-0.022525331692036,72
295,THINGS,eye_tracking,0.0113413276995565,270
296,feature_overlap,norms_sensorimotor,0.4312482240906814,4185
297,feature_overlap,compo_attribs,0.4966111281356848,372
298,feature_overlap,SVD_sim_rel,0.2219109330777909,2641
299,feature_overlap,microarray,0.1655661735036781,346
300,feature_overlap,EEG_speech,0.0807443670400789,722
301,feature_overlap,EEG_text,0.1755817235473869,1134
302,feature_overlap,fMRI_speech_cognival,0.0287695863554679,314
303,feature_overlap,fMRI_text_cognival,0.0613537201932736,524
304,feature_overlap,fMRI_text_denoise,0.0508034814283886,508
305,feature_overlap,eye_tracking,0.1013740711376748,2038
306,norms_sensorimotor,compo_attribs,0.4840209102556662,505
307,norms_sensorimotor,SVD_sim_rel,0.0074625340241259,5146
308,norms_sensorimotor,microarray,0.0771213112429545,490
309,norms_sensorimotor,EEG_speech,0.0129134235845676,1258
310,norms_sensorimotor,EEG_text,0.0710004991394146,2529
311,norms_sensorimotor,fMRI_speech_cognival,0.0085140019523193,502
312,norms_sensorimotor,fMRI_text_cognival,0.010109604383498,927
313,norms_sensorimotor,fMRI_text_denoise,0.0079847652039638,893
314,norms_sensorimotor,eye_tracking,0.029793600747361,5349
315,compo_attribs,SVD_sim_rel,0.0890139077332128,354
316,compo_attribs,microarray,0.0249043021549751,99
317,compo_attribs,EEG_speech,0.005647605373435,119
318,compo_attribs,EEG_text,-0.0322618138855662,181
319,compo_attribs,fMRI_speech_cognival,0.0088942233203903,46
320,compo_attribs,fMRI_text_cognival,0.0295637032659641,86
321,compo_attribs,fMRI_text_denoise,0.0253644478225443,84
322,compo_attribs,eye_tracking,0.0119557326605718,299
323,SVD_sim_rel,microarray,0.0074102099400905,276
324,SVD_sim_rel,EEG_speech,0.0043494696382259,614
325,SVD_sim_rel,EEG_text,-0.0036215900635825,1111
326,SVD_sim_rel,fMRI_speech_cognival,-0.0030335525165944,235
327,SVD_sim_rel,fMRI_text_cognival,0.0044624032487138,406
328,SVD_sim_rel,fMRI_text_denoise,0.0029701659111126,394
329,SVD_sim_rel,eye_tracking,0.000963999281634,2121
330,microarray,EEG_speech,0.1152817818787161,245
331,microarray,EEG_text,0.1158065397452241,266
332,microarray,fMRI_speech_cognival,-0.0084477164826202,138
333,microarray,fMRI_text_cognival,0.0402986707060037,208
334,microarray,fMRI_text_denoise,0.0123058449736408,203
335,microarray,eye_tracking,0.0458832657376573,417
336,EEG_speech,EEG_text,0.1319460266783727,667
337,EEG_speech,fMRI_speech_cognival,-0.0102272906495657,339
338,EEG_speech,fMRI_text_cognival,0.0639883505815772,525
339,EEG_speech,fMRI_text_denoise,0.0079237387462773,511
340,EEG_speech,eye_tracking,0.0462225460137068,1101
341,EEG_text,fMRI_speech_cognival,-0.0020644178581765,326
342,EEG_text,fMRI_text_cognival,0.0432194026867089,537
343,EEG_text,fMRI_text_denoise,0.011996143084584,519
344,EEG_text,eye_tracking,0.0970177272247652,3355
345,fMRI_speech_cognival,fMRI_text_cognival,0.0057333928754688,315
346,fMRI_speech_cognival,fMRI_text_denoise,1.7966945165551355e-05,310
347,fMRI_speech_cognival,eye_tracking,0.0003021678304221,501
348,fMRI_text_cognival,fMRI_text_denoise,0.6824953010427222,1136
349,fMRI_text_cognival,eye_tracking,0.0080421154390576,881
350,fMRI_text_denoise,eye_tracking,-0.003960485224466,845
