norm,train_n,test_n,p,r2_mean,r2_sd,check
frequency_lund,5751,1438,6,-7.182160935275381,14.105434936320512,pass
frequency_kucera,5256,1315,6,-14.460845729630298,28.181103467389736,pass
frequency_subtlexus,5760,1440,6,-9.006145765117742,17.8700769487172,pass
frequency_subtlexuk,5804,1452,6,-5.916678114065318,11.531276303175826,pass
frequency_blog_gimenes,5862,1466,6,-6.551389132399031,12.873861982274391,pass
frequency_twitter_gimenes,5862,1466,6,-9.479343204240871,18.959558822847033,pass
frequency_news_gimenes,5862,1466,6,-5.813211300214379,11.38540619301046,pass
frequency_written_cobuild,5668,1418,6,-2.7157040953805627,4.978576178725072,pass
frequency_spoken_cobuild,5668,1418,6,-9.27736253227586,18.00368947577531,pass
context_diversity_subtlexus,5760,1440,6,-4.849665929610101,9.470333992572003,pass
context_diversity_subtlexuk,5804,1452,6,-3.1202179098963887,5.776483529871867,pass
context_diversity_blog_gimenes,5862,1466,6,-6.163301926238325,12.071813486404848,pass
context_diversity_twitter_gimenes,5862,1466,6,-9.410984230941446,18.819572686923276,pass
context_diversity_news_gimenes,5862,1466,6,-5.621303079328453,10.984696708255864,pass
familiarity_glasgow,1603,401,6,-0.0521946936883918,0.1224447752326193,pass
familiarity_brysbaert,4282,1071,6,-0.9468014555924648,1.9507049503168097,pass
prevalence_brysbaert,4502,1126,6,-3.902246668844973,7.805351291618798,pass
aoa_kuperman,3407,852,6,-1.0838695433670251,2.3584438467582127,pass
aoa_brysbaert,3184,797,6,-1.7359079928399646,3.654765184185552,pass
aoa_glasgow,1603,401,6,0.0680524358332239,0.0797215271835173,pass
frequency_trajectory_brysbaert,4745,1187,6,-1.5769485781233807,3.2291184805021755,pass
pos_brysbaert,5698,1425,6,0.0010546344246322,0.000835328170049,pass
pos_vanheuven,5761,1441,6,0.0053982829822285,0.0101316119396746,pass
concreteness_brysbaert,4282,1071,6,-0.5613553646021956,1.1585564330468674,pass
concreteness_glasgow,1603,401,6,0.0227236504885887,0.0399977539234943,pass
imageability_glasgow,1603,401,6,0.0198394591059167,0.0414310333580106,pass
n_senses_wordnet_miller,5403,1351,6,-3.2062954812713462,6.389734024574919,pass
n_senses_wordsmyth_rice,149,38,6,-0.0406813208522637,0.0449086674838772,pass
n_meanings_wordsmyth_rice,149,38,6,-0.055758936946933,0.0163368425096302,pass
n_meanings_websters_gao,3944,987,6,-4.742968639242715,9.478030483422645,pass
n_features_buchanan,1630,408,6,-0.0010259123043622,0.020222241951888,pass
visual_lancaster,4279,1070,6,0.006389410560121,0.0114214939532964,pass
auditory_lancaster,4279,1070,6,-0.010570607060357,0.0121717988729212,pass
haptic_lancaster,4279,1070,6,0.0054403676153091,0.0148207152073874,pass
olfactory_lancaster,4279,1070,6,0.000468383832444,0.0086559898992191,pass
gustatory_lancaster,4279,1070,6,-0.0007362677845387,0.0010371364111052,pass
interoceptive_lancaster,4279,1070,6,-0.003896930516777,0.0116331591169833,pass
head_lancaster,4279,1070,6,-0.0031603548985969,0.0045435357816279,pass
torso_lancaster,4279,1070,6,0.0036273894224577,0.0070072931176237,pass
mouth_throat_lancaster,4279,1070,6,-0.003606437958795,0.0026226893970191,pass
hand_arm_lancaster,4279,1070,6,0.0090472204293787,0.0101901681319901,pass
foot_leg_lancaster,4279,1070,6,0.0011180262838714,0.0058316877292132,pass
body_object_interact_pexman,1832,459,6,-0.0652531830217303,0.0902134827225373,pass
child_body_object_interact,1549,388,6,-0.0461308642017994,0.0613947016718441,pass
semantic_size_glasgow,1603,401,6,-0.0299500727018376,0.060660190431327,pass
gender_association_glasgow,1603,401,6,-0.0176632937204008,0.0191287347869288,pass
feature_visual_vinson,514,129,6,-0.0075399518946076,0.0165810031868867,pass
feature_perceptual_vinson,514,129,6,-0.0367734231862661,0.0488966728924896,pass
feature_functional_vinson,514,129,6,-0.0180708159588328,0.0195757575341669,pass
feature_motoric_vinson,514,129,6,-0.0344788692642337,0.0545267209902826,pass
socialness_diveica,1743,436,6,-0.0454336197108308,0.0227905954586028,pass
valence_warriner,2807,702,6,-0.019990394533108,0.0174058386168677,pass
valence_glasgow,1603,401,6,-0.0198667706787402,0.0163747280100769,pass
valence_mohammad,3612,903,6,-0.0295966577078467,0.0233958753904809,pass
valence_older_kyrolainen,1212,303,6,-0.0100610634985678,0.010865029559729,pass
valence_younger_kyrolainen,1212,303,6,-0.0166676654404875,0.0160991186051135,pass
arousal_warriner,2807,702,6,-0.0028422075649115,0.0073892728141316,pass
arousal_glasgow,1603,401,6,-0.0034693786147027,0.0180056981839937,pass
arousal_mohammad,3612,903,6,0.0003387566499983,0.0116404606966653,pass
dominance_warriner,2807,702,6,-0.0184148609953263,0.0191251253978868,pass
dominance_glasgow,1603,401,6,-0.0139965689241142,0.0124226629419882,pass
dominance_mohammad,3612,903,6,-1.8413715628949352,3.651045280411787,pass
humor_engelthaler,1196,300,6,-0.0606630688881184,0.0587053303228817,pass
anger_mohammad,3016,755,6,-0.0389838270275578,0.0706765850971882,pass
anticipation_mohammad,3016,755,6,-0.0048849599454306,0.0047194440743608,pass
disgust_mohammad,3016,755,6,-0.0544372404085542,0.0791185536854891,pass
fear_mohammad,3016,755,6,0.0031764834062731,0.0017119013361098,pass
joy_mohammad,3016,755,6,-0.0025655366414665,0.0049116834239911,pass
negative_emotion_mohammad,3016,755,6,-0.0005264019460275,0.0135825941324149,pass
positive_emotion_mohammad,3016,755,6,-0.0178563332841416,0.0344416982004216,pass
sadness_mohammad,3016,755,6,-0.0376033215729279,0.0724853898071588,pass
surprise_mohammad,3016,755,6,-0.0518287249978666,0.0931649086650735,pass
trust_mohammad,3016,755,6,-0.0025292108362606,0.0038541037572144,pass
semantic_diversity_hoffman,5421,1356,6,-0.2248173752960098,0.2185802693482419,pass
n_semantic_neighbors_shaoul,5762,1441,6,-2.8712604721711825,5.429279346257906,pass
distance_semantic_neighbors_shaoul,5762,1441,6,-1.3321941712383318,2.301797748044786,pass
association_frequency_dedeyne,4936,1234,6,-3.6689631299838426,7.400059597977821,pass
cue_setsize_nelson,1884,472,6,-0.032125818884053,0.0553269445184254,pass
cue_connectedness_nelson,1884,472,6,0.0025220892076186,0.0044948385496035,pass
cue_probability_nelson,1884,472,6,-13.421546376353422,26.860055005363257,pass
cue_resonance_strength_nelson,1884,472,6,-20.121034469774045,40.18963923359234,pass
visual_lexical_rt_balota,5403,1351,6,-1.0112032404123634,2.335145301455253,pass
visual_lexical_rt_mandera,4502,1126,6,-0.5020610609834187,1.2157251203145991,pass
visual_lexical_rt_keuleers,3725,932,6,-0.0853786239681743,0.166139511881669,pass
visual_lexical_accuracy_balota,5404,1352,6,-0.9741979944701664,1.9373348853746148,pass
visual_lexical_accuracy_mandera,4502,1126,6,-4.255753630219487,8.51133555920338,pass
visual_lexical_accuracy_keuleers,3725,932,6,-3.3949677872311277,6.652491559057605,pass
auditory_lexical_rt_tucker,4749,1188,6,0.0214475024722613,0.0084622397779952,pass
auditory_lexical_rt_goh,2460,616,6,-0.0377567059912003,0.17290557107264,pass
auditory_lexical_accuracy_tucker,4760,1190,6,-0.6521156495498698,1.3065771216023203,pass
auditory_lexical_accuracy_goh,2460,616,6,-18.755978258253272,37.4827509401225,pass
naming_rt_balota,5403,1351,6,-0.4413498883157265,1.2115092935499423,pass
naming_accuracy_balota,5403,1351,6,-1.924983722477272,3.924674129638479,pass
concreteness_rt_pexman,1461,366,6,0.045593536761065,0.0229060171480705,pass
concreteness_accuracy_pexman,1462,366,6,-0.0038093095652314,0.008639776408215,pass
recognition_memory_accuracy_cortese,1436,359,6,-0.0520597796006928,0.064962742187209,pass
vision_binder,239,60,6,-0.0074234765903808,0.0104173686537252,pass
bright_binder,239,60,6,-0.0927720635522904,0.1576721582329085,pass
dark_binder,239,60,6,-0.0351982295034949,0.0502473711043067,pass
color_binder,239,60,6,-0.1074118769551019,0.1902552219834007,pass
pattern_binder,239,60,6,-0.065198479035885,0.0700659076090279,pass
large_binder,239,60,6,-0.0087272882177379,0.0059469010859357,pass
small_binder,239,60,6,-0.0420265498435384,0.0315220574262243,pass
motion_binder,239,60,6,-0.0388433084021524,0.0405000943762767,pass
biomotion_binder,239,60,6,-0.0159189679369471,0.0201623133928542,pass
fast_binder,239,60,6,-0.0571590701865645,0.0310336209334462,pass
slow_binder,239,60,6,-0.0215374346165667,0.0377331663312701,pass
shape_binder,239,60,6,-0.0451029708821162,0.0597125559454673,pass
complexity_binder,169,43,6,-0.0335807579755769,0.0348012813674901,pass
face_binder,239,60,6,-0.0204777239763078,0.0258709605156682,pass
body_binder,239,60,6,-0.0396900145987922,0.0535064308057898,pass
touch_binder,239,60,6,-0.0340961244774924,0.0660686104011692,pass
temperature_binder,239,60,6,-0.0554903766003863,0.0742305188129713,pass
texture_binder,239,60,6,-0.0789210476631793,0.1031944488148787,pass
weight_binder,239,60,6,-0.061895734550719,0.0679024735333176,pass
pain_binder,239,60,6,-0.0088905660946967,0.015836841957506,pass
audition_binder,239,60,6,-0.0635614263488154,0.0837357454340254,pass
loud_binder,239,60,6,-0.1116697389718154,0.1792947682850486,pass
low_binder,239,60,6,-0.1129367403735995,0.1664689786612042,pass
high_binder,239,60,6,-0.0417895712206187,0.0408835177539939,pass
sound_binder,239,60,6,-0.0767513121574629,0.1185168133836479,pass
music_binder,239,60,6,-0.0332762343741373,0.0172394807774505,pass
speech_binder,239,60,6,-0.0420812519474612,0.049366382915938,pass
taste_binder,239,60,6,-0.1363042672040365,0.1716688301245768,pass
smell_binder,239,60,6,-0.0845103038844491,0.0675378795160826,pass
head_binder,239,60,6,-0.0862216432763827,0.0626068878227292,pass
upper_limb_binder,239,60,6,-0.024013479006687,0.0175136481505764,pass
lower_limb_binder,239,60,6,-0.0328548426619139,0.0338625044809137,pass
practice_binder,210,53,6,0.06853871438599,0.0435324294362887,pass
landmark_binder,239,60,6,-0.0240801355220589,0.0219872431768461,pass
path_binder,239,60,6,-0.0005258554782026,0.0292723107169052,pass
scene_binder,239,60,6,-0.0535569874337652,0.0678786224269883,pass
near_binder,239,60,6,0.0377466151200825,0.0512403584341747,pass
toward_binder,239,60,6,-0.1207694003467425,0.0873585207148745,pass
away_binder,239,60,6,-0.0217876329296209,0.0547540744793973,pass
number_binder,239,60,6,-0.034011392334252,0.0509505449793377,pass
time_binder,239,60,6,-0.1270014802640765,0.1907295152950467,pass
duration_binder,239,60,6,-0.0446092413657387,0.0366458680842166,pass
long_binder,239,60,6,-0.0699044975793587,0.0786065482939046,pass
short_binder,239,60,6,-0.0305922930025787,0.0452144228964086,pass
caused_binder,210,53,6,-0.0362913384052364,0.0408499657843056,pass
consequential_binder,239,60,6,-0.0231871348912685,0.0345517505037094,pass
social_binder,239,60,6,-0.0387649741941936,0.0459537291252732,pass
human_binder,239,60,6,-0.0490694135304222,0.0536077972104981,pass
communication_binder,239,60,6,-0.0400727928387144,0.0420684558760256,pass
self_binder,239,60,6,-0.0295782843173612,0.0484748779713089,pass
cognition_binder,239,60,6,-0.0049608436136858,0.0037797164466629,pass
benefit_binder,239,60,6,-0.0184962733565729,0.0123504604341215,pass
harm_binder,239,60,6,-0.0183814501145024,0.0312213569046332,pass
pleasant_binder,239,60,6,-0.0521808727174034,0.0400402564972602,pass
unpleasant_binder,239,60,6,-0.0057604895130391,0.0246032752293793,pass
happy_binder,239,60,6,-0.0546914868855946,0.0272496250183072,pass
sad_binder,239,60,6,-0.0198528231583621,0.0356521284435202,pass
angry_binder,239,60,6,-0.006695826196749,0.0134962186783717,pass
disgusted_binder,239,60,6,0.023722955730886,0.0420395950055394,pass
fearful_binder,239,60,6,-0.0028920264297557,0.0102728555757809,pass
surprised_binder,239,60,6,-0.020031129205117,0.0237705497419219,pass
drive_binder,239,60,6,-0.0187512427187169,0.012653857117443,pass
needs_binder,239,60,6,-0.0252963577759987,0.0384176295339125,pass
attention_binder,239,60,6,-0.0385362504212684,0.0262856347981529,pass
arousal_binder,239,60,6,-0.0301643103590786,0.0338440349536209,pass
goals_wilkowski,251,63,6,-0.0374675309793975,0.0367337450034307,pass
familiarity_lynott,108,27,6,-0.8289288191303813,1.036268004348117,pass
visual_lynott,108,27,6,-0.5587476480622628,0.9892342765277816,pass
haptic_lynott,108,27,6,-0.025235462455346,0.0358401800395879,pass
auditory_lynott,108,27,6,-0.0425667714919331,0.0642921340568333,pass
olfactory_lynott,108,27,6,-0.0797815958594256,0.0934482213590902,pass
gustatory_lynott,108,27,6,-0.0437830520895362,0.0489936441046361,pass
dominant_modality_lynott,68,18,6,,,test_n < 20
imagery_toronto,572,143,6,-0.0645883469439316,0.0740565528872537,pass
concreteness_toronto,572,143,6,-0.0575608454611406,0.0449600208861821,pass
aoa_khanna,616,154,6,-0.0076873724062597,0.0312684919625397,pass
aoa_rt_khanna,616,154,6,-0.0237553829539435,0.0176947720082431,pass
aoa_hollis,428,108,6,0.1321501269140967,0.1163419805928772,pass
valence_hollis,428,108,6,-0.0576211182988868,0.0481536604111165,pass
arousal_hollis,428,108,6,-0.029763807527873,0.0739865216373322,pass
concreteness_hollis,428,108,6,-0.0474260426686004,0.1452821495030732,pass
aoa_stration,112,28,6,-0.1529181303088012,0.1349223794241223,pass
imagery_stration,112,28,6,-0.0505870133762836,0.0554125034336426,pass
familiarity_stration,112,28,6,-0.2613294799905876,0.1500833773650479,pass
meaningfulness_stration,112,28,6,-0.0432914644943858,0.0134820787480835,pass
valence_garrido,144,36,6,-0.0266497893005134,0.0164742708582967,pass
emotionality_garrido,144,36,6,-0.1028683019148266,0.1138809199647867,pass
familiarity_garrido,144,36,6,-0.2154015670417136,0.1740803463431629,pass
angry_zupan,186,47,6,-0.0778331002071012,0.0653489185379974,pass
fearful_zupan,186,47,6,-0.0282756005559912,0.0310753529324313,pass
happy_zupan,186,47,6,-0.0694082947625094,0.0622811156792473,pass
intensity_zupan,186,47,6,-0.0652126590389563,0.0588175700550298,pass
neutral_zupan,186,47,6,-0.0319272883293296,0.0299453274245887,pass
sad_zupan,186,47,6,-0.0516750392375939,0.0694496371576561,pass
valence_zupan,186,47,6,-0.0955398017840622,0.0746531856992047,pass
aoa_bird,949,238,6,-0.0367236284447956,0.3020456564349176,pass
imageability_bird,570,143,6,-0.0200007555065978,0.0268228575021673,pass
association_rt_ley,25,7,6,,,test_n < 20
meaningfulness_ley,25,7,6,,,test_n < 20
happiness_stevenson,425,107,6,-0.0463757224255442,0.0384320486925246,pass
anger_stevenson,425,107,6,-0.0231587334698455,0.0243599414563874,pass
sadness_stevenson,425,107,6,-0.0091014984438391,0.0096654491578944,pass
fear_stevenson,425,107,6,-0.0101888543863187,0.0101572643841047,pass
disgust_stevenson,425,107,6,-0.0233585850736616,0.012815339555809,pass
goodness_brown,307,77,6,-0.0639273502908716,0.0488142008594434,pass
pleasantness_brown,307,77,6,-0.0833070006051104,0.0848732755082329,pass
emotionality_brown,307,77,6,-0.046420278482433,0.044026824597132,pass
concreteness_brown,307,77,6,-0.021611835566424,0.0190788752343379,pass
meaningfulness_brown,307,77,6,-0.0365118147195918,0.0778295631992122,pass
difficulty_rudell,271,68,6,-0.1294477704164238,0.1841241655908835,pass
imageability_chiarello,351,88,6,-0.0287448650516237,0.0316887769307372,pass
imageability_rt_chiarello,351,88,6,-0.0141946277631524,0.0240399316706148,pass
personal_use_janschewitz,146,37,6,0.0099279443297509,0.1394639552652321,pass
familiarity_janschewitz,146,37,6,-0.0447249711245742,0.0957000843001423,pass
offensiveness_janschewitz,146,37,6,-0.23615134268706,0.2092616617896636,pass
tabooness_janschewitz,146,37,6,-0.2973971420414772,0.3299634638197703,pass
valence_janschewitz,146,37,6,-0.0571315111505766,0.0354281840820516,pass
arousal_janschewitz,146,37,6,-0.0986447036999084,0.0923978024285345,pass
imageability_janschewitz,146,37,6,0.0324225788603488,0.0189215082352258,pass
perc_known_britz,167,42,6,-0.2511652771759828,0.5836352426516718,pass
valence_britz,167,42,6,-0.1495146739648243,0.164399382196436,pass
social_des_britz,167,42,6,-0.1644071151474644,0.176915430825499,pass
observability_britz,167,42,6,0.0298942534121552,0.0611553900383854,pass
aoa_rodriguez,722,181,6,-0.0738822442586653,0.1485750560739881,pass
perc_known_rodriguez,722,181,6,-0.3380295288313274,0.4340827618239791,pass
known_rt_chen,169,43,6,-0.399411535925501,0.4257884737991251,pass
english_accuracy_chen,169,43,6,-3.388972404699949,5.481303936117399,pass
subjective_frequency_chen,169,43,6,-0.8421700196711708,0.6730622993638663,pass
familiarity_juhasz,51,13,6,,,test_n < 20
aoa_juhasz,51,13,6,,,test_n < 20
transparency_juhasz,51,13,6,,,test_n < 20
lexeme_dominance_juhasz,51,13,6,,,test_n < 20
imageability_juhasz,51,13,6,,,test_n < 20
sensory_experience_juhasz2015,51,13,6,,,test_n < 20
emotion_troche,342,86,6,0.0068684926976277,0.0191415765220315,pass
polarity_troche,342,86,6,-0.05550231004301,0.0585405711219775,pass
socialness_troche,342,86,6,-0.0742455681198263,0.0404087374397958,pass
morality_troche,342,86,6,-0.0527507171481913,0.0505415274397471,pass
visual_troche,342,86,6,0.0128302128855512,0.0485227740055655,pass
motion_self_troche,342,86,6,-0.0249516970509124,0.047578360206354,pass
thought_troche,342,86,6,-0.0333728723754631,0.0502761166499663,pass
color_troche,342,86,6,-0.0573588502915485,0.0388943149726723,pass
taste_smell_troche,342,86,6,-0.0318952685729133,0.0441556554768344,pass
tactile_troche,342,86,6,-0.0185296307143969,0.0619495892393738,pass
auditory_troche,342,86,6,-0.0268626959364882,0.0227755027800582,pass
space_troche,342,86,6,-0.0355763865638776,0.0515540924003725,pass
time_troche,342,86,6,-0.0881542226451698,0.0514899889361066,pass
quantity_troche,342,86,6,-0.0702174107509704,0.1250310548264925,pass
familiarity_morrow,73,19,6,,,test_n < 20
perc_known_morrow,73,19,6,,,test_n < 20
subjective_frequency_morrow,73,19,6,,,test_n < 20
visual_complexity_marrow,73,19,6,,,test_n < 20
imageability_morrow,73,19,6,,,test_n < 20
aoa_marrow,73,19,6,,,test_n < 20
aoa_cortese,960,240,6,-0.1304041191306553,0.1852390893559329,pass
aoa_rt_cortese,960,240,6,-0.05654429263638,0.0449183200030337,pass
imagery_vanderveur,593,149,6,-0.288455979533048,0.1844115417753884,pass
likableness_chandler,196,50,6,-0.0324414428651221,0.0458841710077711,pass
meaningfulness_chandler,196,50,6,-0.0035165399604892,0.0591400238553747,pass
emotionality_chandler,196,50,6,-0.0449491444612446,0.0236016489109883,pass
gender_assoc_crawford,216,55,6,-0.0233560940871392,0.0522187537445179,pass
polysemy_armstrong,157,40,6,-0.0543002094616412,0.0698637136122662,pass
imageability_rt_cortese,960,240,6,-0.0083192888507961,0.0160295382384651,pass
imageability_cortese,960,240,6,-0.1999777469838334,0.2124115698081864,pass
valence_citron,164,41,6,-0.0450869763182115,0.0464332363634332,pass
arousal_citron,164,41,6,-0.0340073101800174,0.0305063382384152,pass
familiarity_citron,164,41,6,-0.121862338423567,0.1655326874283855,pass
aoa_citron,164,41,6,0.1308839629706308,0.0995400089431221,pass
imageability_citron,164,41,6,0.125861877596993,0.0777056265870091,pass
valence_imbault,799,200,6,-0.0357522388738321,0.056630799413431,pass
arousal_imbault,844,211,6,-0.0133560556072473,0.0125884435230316,pass
likableness_anderson,154,39,6,-0.119340614553267,0.1532719713012436,pass
meaningfulness_anderson,154,39,6,-0.0681661652114662,0.0538010244046547,pass
perc_known_winter,3195,799,6,-0.0076276208016835,0.0106702839368199,pass
iconicity_winter2023,3195,799,6,-0.0347475923262711,0.039655328959342,pass
body_object_miklashevsky,449,113,6,-0.0509163269496983,0.0572624064487485,pass
aoa_schock,813,204,6,-0.0431909971361085,0.0771148662021097,pass
aoa_rt_schock,813,204,6,-0.0031068141068371,0.0036013861105727,pass
aoa_davies,405,102,6,0.0458076774556653,0.2857387427311659,pass
imageability_davies,405,102,6,-0.0001059263491737,0.0400900840523148,pass
this_that_rocca,239,60,6,-0.0878277623450886,0.0222161479157008,pass
iconicity_winter2017,978,245,6,-0.050282469762058,0.0399579822215995,pass
living_vanarsdall,372,94,6,-0.0543497263785208,0.0489278903186655,pass
thought_vanarsdall,372,94,6,-0.0962568967240672,0.081236232537042,pass
reproduction_vanarsdall,372,94,6,-0.0428510764234436,0.0478346669650148,pass
person_vanarsdall,372,94,6,-0.0760512432274929,0.0653420739280434,pass
goals_vanarsdall,372,94,6,-0.1441401875508901,0.1039603097043907,pass
movement_vanarsdall,372,94,6,-0.0388098588843042,0.0394154968228051,pass
concreteness_vanarsdall,372,94,6,-0.1123622068972704,0.1553077794085954,pass
familiarity_vanarsdall,372,94,6,-0.0654002098619182,0.1060361997987141,pass
imageability_vanarsdall,372,94,6,-0.1150488872428423,0.1623900809734697,pass
familiarity_fear,292,74,6,-0.1418067358108157,0.2245826206638154,pass
aoa_fear,292,74,6,-0.0299076676267962,0.2012905819856589,pass
imageability_fear,292,74,6,-0.1125603548104123,0.2145160635649961,pass
sensory_experience_juhasz2013,1718,430,6,-0.1038364342164816,0.1180794939435335,pass
